Fa,Fs,beta,dim,isDynamic,isFock,mass2,massratio,order,rs,spin,Σw,Σw.err,μ,μ.err
-0.0,-1.0,100.0,3,true,false,1.0e-5,1.0,110,5.0,2,0.36093602669648184,0.013924212519488176,1.2725286926592958,0.0009631789038005305
-0.0,-1.0,100.0,3,true,false,1.0e-5,1.0,200,5.0,2,0.3949283342871332,0.02327730893159384,0.5600899915889063,0.0028372253189891386
-0.0,-1.0,100.0,3,true,false,1.0e-5,1.0,101,5.0,2,0.08037177619646604,0.0003950098430581328,-0.1394378125335217,0.0004955689372358165
-0.0,-1.0,100.0,3,true,false,1.0e-5,1.0,100,5.0,2,0.5510746235782971,0.0008753700088002254,0.3970828897513155,0.0005235004998720929
-0.0,-0.0,100.0,3,true,false,1.0e-5,1.0,110,5.0,2,0.5589883593286551,0.01254000875854489,1.055152052072795,0.0006491626167474116
-0.0,-0.0,100.0,3,true,false,1.0e-5,1.0,200,5.0,2,0.3169019919160197,0.015854055354574896,0.3922916256945903,0.0013170123247343661
-0.0,-0.0,100.0,3,true,false,1.0e-5,1.0,101,5.0,2,0.09023112769420957,0.0003164869839111227,-0.05568520749955853,7.568692073767287e-5
-0.0,-0.0,100.0,3,true,false,1.0e-5,1.0,100,5.0,2,0.6712254383967416,0.0008664693368400172,0.3388306351650962,0.00019984261371891902
