D,Fa,Fs,beta,interaction,isFock,mass2,massratio,order,rs,z,δz,δz.err,δμ,δμ.err
2,-0.0,-0.0,100.0,"cc_InsDyn,",false,1.0e-6,1.0,1,1.0,1.0,0.42607901475837157,0.005743594066016344,-2.216989730945191,0.01640370796369683
2,-0.0,-0.0,100.0,"cc_InsDyn,",false,1.0e-6,1.0,2,1.0,1.0,0.06602788763901232,0.05039982002358681,0.13529239942188775,0.05626304911543967
2,-0.0,-0.0,100.0,"cc_InsDyn,",false,1.0e-5,1.0,1,1.0,1.0,0.41795934197525314,0.0036712284792976106,-2.2196377293772627,0.010332274981998476
2,-0.0,-0.0,100.0,"cc_InsDyn,",false,1.0e-5,1.0,1,2.0,1.0,0.8101658524591582,0.002323346867227406,-1.2458337506497945,0.0027667638483292257
2,-0.0,-1.0,100.0,"cc_InsDyn,",false,1.0e-5,1.0,1,2.0,1.0,0.6316290745954761,0.0018434114919548628,-0.9830306537920075,0.0013789593864610673
