Fa,Fs,beta,dim,isDynamic,isFock,mass2,massratio,order,rs,spin,Σw,Σw.err,μ,μ.err
-0.0,-1.0,100.0,3,true,false,1.0e-5,1.0,110,5.0,2,0.4655238895539632,0.20741996306023164,1.297109985389204,0.015504902336084658
-0.0,-1.0,100.0,3,true,false,1.0e-5,1.0,200,5.0,2,0.4162397193672044,0.26880583423606325,0.4660716864240596,0.03052856856483703
-0.0,-1.0,100.0,3,true,false,1.0e-5,1.0,101,5.0,2,0.08389614945356526,0.006074806251927275,-0.13540311309434905,0.0074704638221835965
-0.0,-1.0,100.0,3,true,false,1.0e-5,1.0,100,5.0,2,0.5428784798516615,0.01355682410662183,0.3973479399431638,0.008013429411192824
-0.0,-0.0,100.0,3,true,false,1.0e-5,1.0,110,5.0,2,0.40188131097569935,0.1945598487454227,1.0480647352300148,0.009524238556042328
-0.0,-0.0,100.0,3,true,false,1.0e-5,1.0,200,5.0,2,0.2978309952724097,0.21100909166492343,0.38940191580878997,0.020399913648397713
-0.0,-0.0,100.0,3,true,false,1.0e-5,1.0,101,5.0,2,0.09685434910886558,0.0048525849358286854,-0.05705468485254024,0.0011375299718797483
-0.0,-0.0,100.0,3,true,false,1.0e-5,1.0,100,5.0,2,0.6872682826445186,0.013777011369311544,0.34367139004194497,0.0031456413357845935
