D,Fa,Fs,beta,interaction,isFock,mass2,massratio,order,rs,z,Σw,Σw.err,μ,μ.err
2,-0.0,-1.0,100.0,"cc_InsDyn,",false,1.0e-5,1.0,100,2,1.0,0.6342161351397998,0.0017908300915722934,0.9845077959516685,0.0012916975671073523
